structure_name,cell_density
CTX,3244.527243385805
CNU,897.9553877925025
IB,478.44468989783405
MB,719.59489952937
HB,3457.129358648391
CBX,2906.8183302831244
CBN,7270.983724461256
