structure_name,cell_density
CTX,15100.351214311384
CNU,6911.640495051828
IB,3546.799550880232
MB,4731.653667619903
HB,9767.897294011922
CBX,7830.646852239503
CBN,4494.10383650819
