structure_name,cell_density
CTX,5217.422552405779
CNU,940.9155562299209
IB,269.70423271875296
MB,833.4101944135165
HB,1528.5742283299073
CBX,4135.689358409525
CBN,602.9641990006843
