structure_name,cell_density
CTX,5339.963485148548
CNU,1202.6462146418016
IB,369.69120178503465
MB,441.9962493518936
HB,349.4013536221312
CBX,2982.7551430796257
CBN,372.8454164890536
