structure_name,cell_density
CTX,2824.551673308384
CNU,1002.5393431805941
IB,839.5957362517563
MB,4578.051737579925
HB,3495.6791170048778
CBX,4369.119272876937
CBN,3109.9470604625244
