structure_name,cell_density
CTX,486.5833132914416
CNU,351.42845901539806
IB,423.33834567759175
MB,430.9105887378336
HB,1899.759633330114
CBX,912.0099420206622
CBN,509.8363932273078
