structure_name,cell_density
CTX,7884.849533319411
CNU,2938.734238165458
IB,2435.463017974479
MB,5656.814973757468
HB,3161.518983992154
CBX,13085.006096895186
CBN,17279.939665015136
