structure_name,cell_density
CTX,8449.49434229382
CNU,4608.03786069443
IB,3850.3115916749507
MB,7299.729412336166
HB,7995.899542063551
CBX,15222.957922876918
CBN,5535.751794575324
