structure_name,cell_density
CTX,7824.845508664884
CNU,4047.8324832152393
IB,3680.3918036177784
MB,4384.931598496429
HB,5308.886676863564
CBX,17483.331611065212
CBN,4720.199395073664
