structure_name,cell_density
CTX,1369.5453503713552
CNU,673.7681780823556
IB,323.813151596956
MB,354.36630932408224
HB,588.367025355669
CBX,665.7923183497871
CBN,97.50227240721537
