structure_name,cell_density
CH,2745.7270676182256
BS,1468.9574483834197
CB,3062.996916659343
