structure_name,cell_density
CH,13525.930266959114
BS,6460.195686744885
CB,7708.016915829504
