structure_name,cell_density
CH,4377.1738072400485
BS,883.4198478155611
CB,4013.122860162901
