structure_name,cell_density
CH,4517.854743526734
BS,387.6676658798793
CB,2881.9338077646853
