structure_name,cell_density
CH,2432.7409381628086
BS,2964.8093032059205
CB,4318.648759237658
