structure_name,cell_density
CH,455.3149176921637
BS,909.4048544616261
CB,904.5212762405631
