structure_name,cell_density
CH,6946.728348001827
BS,3968.4074844475995
CB,13176.18461404902
