structure_name,cell_density
CH,7604.0274623674295
BS,6390.124003537592
CB,14860.225504516513
