structure_name,cell_density
CH,7036.421038731563
BS,4458.280088813587
CB,17017.577523617423
