structure_name,cell_density
CH,1219.5285687587798
BS,421.80608009114934
CB,662.4513709898976
