structure_name,cell_density
MY-mot,12338.313039045604
MY-sat,1769.857947381693
MY-sen,19557.348703170028
P-sat,3295.4886154716446
P-sen,4019.299739401915
P-mot,2626.4126897967735
ME,1369.8120230783547
PVR,493.51589845373957
PVZ,1494.030153721235
LZ,1971.8280137166976
MEZ,993.732721562043
DORpm,3242.550983123011
DORsm,5383.0821293938525
PRT,11981.70747751588
IV,5049.040511727079
MRN,11772.101705078483
RN,13062.545431560318
AT,1058.4343991179712
RR,10372.566459136278
SCm,12861.313500567252
III,3035.4722997210047
SNr,3682.9465276236965
MA3,351.16598079561044
MT,19130.326594090202
Pa4,2574.712643678161
PN,4056.06337599025
CUN,5681.829278216292
LT,1982.9589465530598
VTA,13201.96923829618
DT,1552.3704520396911
VTN,4773.078672123693
PAG,2383.2753675471195
EW,565.8709106984969
SAG,11789.04039104708
SCs,2106.7236223835966
IC,10751.686273743931
MEV,262.83367556468176
NB,2103.1613976705494
SCO,39.19167176974893
PBG,3877.6896942242356
PPN,7382.935153583618
RAmb,2183.1793011634413
SNc,9221.735197940583
SIM,4065.0554919990423
AN,4750.792984521116
PRM,5523.205416264475
COPY,8773.509933774834
PFL,3104.0938940897026
FL,1537.0552916928038
LING,576.0470242468773
CENT,2519.1668863696286
CUL,4505.622197754555
DEC,8943.257184966838
FOTU,13513.757753836107
PYR,23692.729248358293
UVU,7438.230503725833
NOD,3146.2017145592486
LSX,1139.8189866533799
sAMY,1428.663637583357
STRd,4629.259337262427
STRv,2925.655047590207
PALc,1302.0142460376564
PALd,2849.363170600655
PALm,723.9291852579353
PALv,2127.2434509520344
HPF,2485.3210859612195
Isocortex,4085.376686202135
OLF,4413.326193127525
LA,2380.803510215275
BLA,2698.8857888361945
BMA,2178.1660590218066
CLA,4220.411644558167
PA,2598.958047710447
EP,3318.053651133363
VeCB,10596.984924623115
DN,3595.6141233276326
IP,7778.741006402782
FN,3484.8334162108404
