structure_name,cell_density
CTX,1550.330491651572
CNU,169.50269422952906
IB,40.79359331387058
MB,222.64675605623634
HB,312.31431140365225
CBX,1395.4877678955922
CBN,245.90797783219486
