structure_name,cell_density
CTX,2733.2742252925227
CNU,756.3527829357109
IB,525.0801102660995
MB,616.6564482695567
HB,1711.1648162967265
CBX,1253.029635119708
CBN,6.366997728440914
