structure_name,cell_density
CTX,918.3864762913738
CNU,155.0621718594625
IB,27.599140226113207
MB,58.646492531788404
HB,808.8982686121801
CBX,1010.7969462774772
CBN,2711.67426253318
