structure_name,cell_density
CTX,1639.968075211853
CNU,434.05924937777587
IB,200.9775938347367
MB,740.6952266401139
HB,1961.0540715365944
CBX,5087.29875585145
CBN,5842.548451770996
