structure_name,cell_density
CTX,1735.7019164955364
CNU,518.7448377837842
IB,327.8264158953662
MB,458.29769713501616
HB,874.701875468867
CBX,1248.7713221234526
CBN,690.8922127895312
