structure_name,cell_density
CTX,5700.5255002194635
CNU,4628.727444916352
IB,2492.5665743838545
MB,2710.004745589211
HB,9227.854499670544
CBX,4021.720106436738
CBN,4250.847230144616
