structure_name,cell_density
CTX,3775.1724993014914
CNU,3317.506871252368
IB,2862.573215290602
MB,8492.549601035833
HB,9442.371280298212
CBX,5418.003262053027
CBN,5899.810579711695
