structure_name,cell_density
CTX,3393.528135305792
CNU,1440.7956644268058
IB,768.7458376808611
MB,2150.0004892035736
HB,1841.8800861300563
CBX,4679.097354653399
CBN,1536.3203391345428
