structure_name,cell_density
CTX,6140.957060460231
CNU,3403.3677282069534
IB,522.5659622183387
MB,1431.1205698127562
HB,7828.111391015673
CBX,6240.540661320096
CBN,15143.362485952995
