structure_name,cell_density
CTX,2179.2826980408345
CNU,495.1424911316043
IB,100.45391490445343
MB,254.53202695502702
HB,275.3189813119176
CBX,1620.146450450634
CBN,0.9568090418454454
