structure_name,cell_density
CH,2113.5786674327724
BS,1158.575099845639
CB,1451.0866261118688
