structure_name,cell_density
CH,6308.414270003131
BS,2162.860905913198
CB,4051.2240699831377
