structure_name,cell_density
CH,2763.0981067246726
BS,940.0836835170383
CB,2452.140565892272
