structure_name,cell_density
CH,14083.78131116641
BS,2542.7005466032338
CB,5556.687945954183
