structure_name,cell_density
CH,14873.369111342401
BS,3275.526650407154
CB,2964.898318484471
