structure_name,cell_density
CH,3092.2763996237422
BS,586.4442718815463
CB,1625.469450763686
