structure_name,cell_density
CH,4904.472301314457
BS,5830.7353492767625
CB,12259.766752521613
