structure_name,cell_density
CH,6658.470869046251
BS,4638.250488518903
CB,20250.278894386418
