structure_name,cell_density
CH,7044.7553041694955
BS,1300.4018736555045
CB,3740.1263996791495
