structure_name,cell_density
CH,3614.2145476780997
BS,1717.570786801116
CB,2981.8060069531953
