structure_name,cell_density
CTX,2520.620393714332
CNU,589.1221357876233
IB,223.5407300830228
MB,239.78605448341264
HB,3569.7793131101275
CBX,1229.9624819326912
CBN,9581.694201638367
