structure_name,cell_density
CTX,7288.957971532614
CNU,2005.2828108348788
IB,848.9003171785467
MB,1103.65946790918
HB,4225.633084468856
CBX,4089.329779761677
CBN,3425.7304001496886
