structure_name,cell_density
CTX,3322.25501593391
CNU,553.049946217126
IB,144.37334679676437
MB,536.4607115877893
HB,2219.305229824997
CBX,2205.4721943043196
CBN,10009.719797736418
