structure_name,cell_density
CTX,17062.54081766585
CNU,1526.640791896555
IB,834.3392366905313
MB,1048.886255654175
HB,6391.09564617995
CBX,5290.990893978828
CBN,12374.881419252622
