structure_name,cell_density
CTX,18078.747097461124
CNU,2671.1217804797575
IB,1531.6853476844112
MB,1218.4592566715546
HB,7480.820689524017
CBX,2951.885246349825
CBN,4155.358408860105
