structure_name,cell_density
CTX,3626.722653310517
CNU,1007.3257308729713
IB,268.6285951363391
MB,972.6478141990442
HB,513.171669630403
CBX,1667.013738208482
CBN,482.7291764084005
