structure_name,cell_density
CTX,5098.850657300938
CNU,4176.250066422236
IB,3945.138540990138
MB,7538.134711805792
HB,5942.8651371012875
CBX,12386.613646053733
CBN,8864.479842751078
