structure_name,cell_density
CTX,7239.635729217162
CNU,4404.253738693919
IB,3312.388529061408
MB,5235.69842870503
HB,5192.770658751993
CBX,20620.494412082564
CBN,8191.694676352596
