structure_name,cell_density
CTX,8196.23587845075
CNU,2193.9210497742897
IB,832.4955403579643
MB,1455.71142797088
HB,1529.937214497281
CBX,3812.4843278462495
CBN,1794.5298323094075
