structure_name,cell_density
CTX,4024.2541254036487
CNU,1915.0508628522412
IB,1266.837951674275
MB,1279.1850891450476
HB,2667.2599043737337
CBX,2895.8308902184317
CBN,5637.845711235558
