structure_name,cell_density
MY,5337.774606127614
P,520.955316302169
HY,433.82720971556336
TH,91.17158904355684
MBmot,196.45419845316914
MBsen,396.21491347614295
MBsta,79.0595211134216
VeCB,22884.03361344538
DN,21467.416473701618
IP,8645.440857845837
FN,443.3361041839845
HEM,1225.657158846208
VERM,1238.2914803846613
STR,647.4213231384663
PAL,330.18960218513115
CTXpl,2538.6438110376007
CTXsp,2100.192890307564
