structure_name,cell_density
MY,406.84445993298294
P,122.84483162205737
HY,37.782653097385044
TH,42.78334438612309
MBmot,135.95163291707368
MBsen,537.8199917025427
MBsta,43.104287708137235
VeCB,489.6797153024911
DN,178.4958645893441
IP,249.01899100948722
FN,241.7293938013983
HEM,1420.5134889300937
VERM,1357.6534228332969
STR,188.6948278672558
PAL,73.52131908729332
CTXpl,1598.9416485496454
CTXsp,419.15123793508786
