structure_name,cell_density
MY,1258.1188939491308
P,2713.7545063728994
HY,995.0371458450454
TH,57.36862923808794
MBmot,210.8868627434162
MBsen,1703.888305454689
MBsta,273.6167064046698
VeCB,0.0
DN,26.843385622011578
IP,2.2016581237744677
FN,0.0
HEM,1160.5610946438392
VERM,1443.7141890836162
STR,745.0230992693847
PAL,820.2044911422375
CTXpl,2768.1334308388664
CTXsp,1909.5142921193635
