structure_name,cell_density
MY,1053.7127046007397
P,534.7854452456963
HY,412.8303637578507
TH,268.3219652614919
MBmot,414.284219366714
MBsen,709.5052809704548
MBsta,57.4890503291458
VeCB,1356.1767357980164
DN,673.6842105263157
IP,837.0330432103519
FN,348.40735301564797
HEM,1405.0744899336783
VERM,1009.7520802487747
STR,536.958398239373
PAL,429.59188558116284
CTXpl,1737.828627411263
CTXsp,1684.4793487775862
