structure_name,cell_density
MY,360.3108327049701
P,123.73745526611846
HY,207.66873222258042
TH,8.054507231326461
MBmot,112.25238043548713
MBsen,743.6662799083136
MBsta,27.21667021050393
VeCB,0.0
DN,0.0
IP,0.0
FN,3.0039896737854965
HEM,1250.4229138535911
VERM,2239.852863541152
STR,530.7475091908842
PAL,323.2370278727895
CTXpl,2180.800042456004
CTXsp,2150.2671107957226
