structure_name,cell_density
MY,4756.77109137513
P,1006.5208430470246
HY,924.9818952394157
TH,213.44337406260374
MBmot,578.2419344316701
MBsen,1396.0830584680843
MBsta,250.9361093140426
VeCB,2560.35073297712
DN,1160.2610587382162
IP,13536.643660874935
FN,831.4168330693841
HEM,3398.090005278564
VERM,2189.16753506155
STR,989.3152154615341
PAL,485.2613673846446
CTXpl,3255.7628851627014
CTXsp,2989.9713788792596
