structure_name,cell_density
CH,1287.9655044219448
BS,193.80002988220653
CB,1354.7374863888676
