structure_name,cell_density
CH,2441.4619486365377
BS,1044.766153428957
CB,1230.8128515371266
