structure_name,cell_density
CH,768.2273992828146
BS,283.3284449682595
CB,1062.4123910404824
