structure_name,cell_density
CH,1376.0109195918662
BS,899.6754967177435
CB,5086.547882073905
