structure_name,cell_density
CH,1472.873026142392
BS,541.2628994930626
CB,1223.7676242254543
