structure_name,cell_density
CH,5496.903078786712
BS,4486.784091609816
CB,3996.6825965209678
