structure_name,cell_density
CH,3686.7647762464194
BS,7065.03579301494
CB,5417.732638845726
