structure_name,cell_density
CH,2997.1776202315205
BS,1639.4132565923296
CB,4573.394474492488
