structure_name,cell_density
CH,5579.4514697640525
BS,2945.601949486847
CB,6566.61866063727
