structure_name,cell_density
CH,1834.727285291959
BS,208.87488098793673
CB,1569.3376684703742
